﻿<?xml version="1.0" encoding="utf-8"?>
<resources targetOsVersion="6.3.0" majorVersion="1">
  <index root="\" startIndexAt="Debug\layout.resfiles">
    <default>
      <qualifier name="Language" value="zh-CN" />
      <qualifier name="Contrast" value="standard" />
      <qualifier name="Scale" value="100" />
      <qualifier name="HomeRegion" value="001" />
      <qualifier name="TargetSize" value="256" />
      <qualifier name="LayoutDirection" value="LTR" />
      <qualifier name="Configuration" value="" />
      <qualifier name="AlternateForm" value="" />
    </default>
    <indexer-config type="RESFILES" qualifierDelimiter="." />
  </index>
  <index root="\" startIndexAt="Debug\resources.resfiles">
    <default>
      <qualifier name="Language" value="zh-CN" />
      <qualifier name="Contrast" value="standard" />
      <qualifier name="Scale" value="100" />
      <qualifier name="HomeRegion" value="001" />
      <qualifier name="TargetSize" value="256" />
      <qualifier name="LayoutDirection" value="LTR" />
      <qualifier name="Configuration" value="" />
      <qualifier name="AlternateForm" value="" />
    </default>
    <indexer-config type="RESW" convertDotsToSlashes="true" initialPath="Telesing" />
    <indexer-config type="RESJSON" initialPath="Telesing" />
    <indexer-config type="RESFILES" qualifierDelimiter="." />
  </index>
  <index root="\" startIndexAt="Debug\pri.resfiles">
    <default>
      <qualifier name="Language" value="zh-CN" />
      <qualifier name="Contrast" value="standard" />
      <qualifier name="Scale" value="100" />
      <qualifier name="HomeRegion" value="001" />
      <qualifier name="TargetSize" value="256" />
      <qualifier name="LayoutDirection" value="LTR" />
      <qualifier name="Configuration" value="" />
      <qualifier name="AlternateForm" value="" />
    </default>
    <indexer-config type="PRI" />
    <indexer-config type="RESFILES" qualifierDelimiter="." />
  </index>
</resources>